hypothesis,cell_id,metric,n,mean_profit,std_profit,ci_low,ci_high,q10,q25,q50,q75,q90,died_rate
H2,pickaxe_nofood,net_profit,2000,104.67524999999998,713.4888291536882,73.38685347872922,135.96364652127073,-566.07,-376.475,-59.55000000000007,384.7749999999999,927.0999999999999,1.0
H2,pickaxe_food,net_profit,2000,7536.514500000009,3978.2301811706343,7362.058449287908,7710.970550712111,2958.99,4823.299999999999,7128.399999999999,9752.0,12222.439999999999,0.9975
H2,bomb_nofood,net_profit,2000,-10491.275599999997,1010.8393042883656,-10535.603611427136,-10446.947588572859,-11488.07,-11147.1,-10707.5,-10127.025000000001,-9278.449999999999,1.0
H2,bomb_food,net_profit,2000,-2054.4972999999973,3994.2400343292625,-2229.6554256618474,-1879.3391743381471,-6686.56,-4825.050000000001,-2404.800000000001,350.57499999999936,2968.399999999998,0.997
